{
   "Format": "2.0.6",
  "ConfigSchema": {
    "HarderMonsters": {
      "AllowValues": "true, false",
      "Default": "true",
      "Description": "Whether harder monsters should be active"
    },
    "LateGameTailoringRecipes": {
      "AllowValues": "true, false",
      "Default": "true",
      "Description": "Whether some tailor recipes are changed / added for more lategame clothes"
    },
    "SpecialFoodShopRemoval": {
      "AllowValues": "true, false",
      "Default": "true",
      "Description": "Whether some friendship locked foods are removed from shops, also for lategame clothes"
    }
  },
   "Changes": [
	{
		"Action": "Load",
		"Target": "Data/TailoringRecipes",
		"FromFile": "TailoringRecipesEdit",
		"When": {
			"LateGameTailoringRecipes": "true"
		}
	},
	{
	"Action": "EditData",
	"Target": "Data/Shops",
	"TargetField": [ "ShadowShop", "Items" ],
	"Entries": 
		{
		"RANDOM_ITEMS (O) 194 244 @requirePrice @isRandomSale": null	
		},
		"When": {
			"SpecialFoodShopRemoval": "true"
		}

	},
    	{
      	"Action": "Include",
      	"FromFile": "monster_changes.json",
      	"When": {
       	 "HarderMonsters": "true"
      	}
    	},
	{
		"Action": "EditData",
		"Target": "Data/Shops",
		"TargetField": [ "Saloon", "Items" ],
		"Entries": 
			{
			"DishOfTheDay": null	
			},
		"When": {
			"SpecialFoodShopRemoval": "true"
		}
	
	}
   ]
}