Item Name	   Item Description		Method Of Obtaining		Effect(s)			Set Bonus						
Witch Hat	A pointy hat popular with witches.		Tailoring		10 immunity, 5% Witch Event Chance, Magic Quiver (Fall: 25 dodge change, 20 ranged power, 1.17 popularity, 6 magnetism)								1	
White Turban	A fine white silk turban with blue trim.		Tailoring Skull Cavern treasure chests (~3.8% chance).		(desert:50 energy, 2 speed, protective ring)								1	
White Bow	A bow as white as snow.		Help your forest neighbors grow their family.										0	
Wearable Dwarf Helm	A slightly larger, human sized version of the helmets worn by dwarves.		Tailoring		2 defense, 20% dwarf discount (underground: 20 health, 20 energy)			Diggy Diggy					1	
Watermelon Band	The color scheme was inspired by the beloved summer melon.		Catch 100 Fish.		(On farm: 5 fishing)								1	
Warrior Helmet	An Ostrich eggshell repurposed into a helmet.		Tailoring		1.25x attack Underground((Half health: 6 attack, 1 speed),(Low health: 12 attack, 2 speed), (Critical health: 20 attack, 2 speed)) ALL STACK								1	
Trucker Hat	Mesh in the back to keep your head cool.		Craft 30 different items.		Crafter								1	
Tropiclip	It's shaped like a little palm tree.		Upgrade your house.										0	
Tricorn Hat	It's a traditional hat for naval officers.		Purchase for  100 from Elliott's shop at the Desert Festival.		2 attack, 2 fishing, 2 combat, 1.10x combat xp, 1.10x fishing xp			Siren					1	
Totem Mask	Don't worry, it won't warp your face...		Tailoring		1 defense, 1 speed, 2 foraging								1	
Top Hat	A gentleman's classic.		Purchase for 8,000 in Qi's Casino.		1.17 popularity, sturdy ring, 2x weapon knockback								1	
Tiger Hat	Makes you look like a beautiful tiger.		0.1% chance of dropping from Tiger Slimes.		1 foraging, 3 attack, slimed, 7 speed (island: 1 speed, 1.5x attack)			Wild					1	
Tiara	This one has a big amethyst encircled by gold.		Reach a 5-heart friend level with 4 people.		1.17 Popularity, (storm:1.17 popularity) STACKS								1	
Swashbuckler Hat	The classic swashbuckler look.		Tailoring		8 attack, (island underground: 2 speed)								1	
Sunglasses	These give you a relaxed look.		Tailoring		(8am - 3pm: 2 speed) (4pm-2am:-1 speed)								1	
Straw Hat	Light and cool, it's a farmer's delight.		Win the egg hunt at the Egg Festival.		Autowater, (FarmPlaces between 6 and 8am: 1 speed)								1	
Steel Pan (hat)	You place the steel pan on your head...		Place the Steel Pan in the hat slot next to the farmer sprite in the inventory menu.		1 speed								1	
Star Helmet	A red hat with stars on it.		Tailoring		(When holding Return Scepter: 30 defense, -3 speed, 3 white glow)			Eclipse					1	
Squire's Helmet	The face is exposed to increase air flow.		Monster drop from Metal Heads.		3 defense								1	
Squid Hat	It's your chance to wear a squid on the head.		Obtained as a reward from the SquidFest.		FishingBarBoost, lewisDissaproves (ocean: 2 fishing, 1.2x fishing xp)								1	
Spotted Headscarf	A red polka-dot scarf tied around the head.		Tailoring										0	
Sports Cap	The cap has a vintage team logo on it.		Can be obtained from the Prize Machine.		1 speed, 1 stamina regen								1	
Space Helmet	Warning: This helmet has not actually been tested in outer space.		Reach the bottom of the 'dangerous' mines.		(Dangerous Mines: 5 mining, 5 defense) BeeKeeper								1	
Sou'wester	The shape helps to keep sailors dry during storms.		Catch 10 different fish.										0	
Sombrero	A festively decorated hat made from woven straw.		Earn 10,000,000g.		Debuff Immunity								1	
Small Cap	It's a more aerodynamic style of cap.		Island Trader on Mondays in exchange for 30 Taro Roots.										0	
Skeleton Mask	The red eyes are glowing mysteriously.		Monster Eradication Goal - Defeat 50 Skeletons.		5 attack, 2 red glow, -2 defense, 1.2x combat xp, lewis dissaproves, 2x crit damage			Spook					1	
Santa Hat	Celebrate the magical season.		Reach a 5-heart friend level with 10 people.		50 health, (winter: 1 speed, 1.17 popularity, 25% dodge)			Jolly					1	
Sailor's Cap	It's fresh and starchy.		Win the fishing competition at the Festival of Ice.		10% Willy, (ocean:2 fishing, 1 speed, 1 still stamina) (winter:1 speed, 2fishing)								1	
Red Fez	A unique hat made popular by the famous merchant pig.		Purchase for 8,000g from the Traveling Cart (10% chance to be sold).										0	
Red Cowboy Hat	An eye-catching cowboy hat in red suede.		Skull Cavern treasure chests (~3.8% chance).		Autopet all, Loving Rancher								1	
Radioactive Goggles	Doesn't actually provide any protection from radiation.		Tailoring		(Dangerous Mines: 5 mining, 3 defense, 2 speed, 3 attack, 2 luck)								1	
Raccoon Hat	A classic hat from the old frontier days.		Fulfill the third request from the Raccoon at the Giant Stump.		Professional Forager, 3 Foraging								1	
Qi Mask	???		Tailoring										0	
Pumpkin Mask	This must have been a pretty big pumpkin once...		Tailoring		 slime charmer ring,(On Abigail talk: +50 friendship), 2 glow (fall: 35 health, 3 attack, 3 defense)								1	
Propeller Hat	A goofy hat with a propeller on top.		Tailoring									 	0	
Polka Bow	This one's sure to be turn heads.		Complete 10 'Help Wanted' requests.		2 luck, 1.17 popularity, 20 stamina (underground: -1 luck)								1	
Plum Chapeau	Looks alright.		Cook 25 different recipes.										0	
Pirate Hat	A captain's hat with a horrible skull on the front.		Tailoring		FishingChest+, (ocean: 2 fishing, 1 speed)								1	
Pink Bow	This huge bow makes quite a statement!		Purchase for 10,000g from the Dwarf Shop in the Volcano Dungeon (25% chance to be sold).										0	
Party Hat	A goofy red hat that makes any celebration more fun.		Tailoring		1.17 Popularity								1	
Party Hat	A goofy blue hat that makes any celebration more fun.		Tailoring										0	
Party Hat	A goofy green hat that makes any celebration more fun.		Tailoring										0	
Paper Hat	It's made out of special paper that won't disintegrate in the rain.		Reach Ginger Island.										0	
Panda Hat	A lovely panda hat.		WeGame [2] exclusive content; unobtainable otherwise										0	
Pageboy Cap	For some reason, it makes you want to sell newspapers.		Read every book.		1 attack, speed, defense, fishing, combat, foraging, farming, mining, 1.1x combat xp, foraging xp, fishing xp, farming xp, mining xp								1	
Official Cap	Looks like it belonged to a postman or policeman. Either way, it's still very soft and smells okay.		Catch 24 different fish.		4 attack, 1.17 popularity								1	
Mystery Hat	Made from the leftovers of a Mystery Box.		Mystery Boxes or Golden Mystery Boxes.					Top Top Hat					0	
Mushroom Cap	It smells earthy.		1% chance of obtaining when chopping down a Mushroom Tree.		-10 speed, 20 defense, 3 health regen, 90 health, 15 Spikey								1	
Mummy Mask	A large mummy mask... frightening!		Purchase for  120 from the Calico Egg Merchant at the Desert Festival.		Autorevive, 50 health, -1 speed, 3 purple glow								1	
Mr. Qi's Hat	A replica of Mr. Qi's iconic hat.		Purchase for  5 in Qi's Walnut Room.										0	
Mouse Ears	Made from synthetic fibers.		Reach a 10-heart friend level with someone.		2 speed, -5 def, 1.15x foraging xp								1	
Magic Turban	It's shimmering with prismatic energy		Desert Trader in exchange for 333 Omni Geodes, even days.		protective ring, (desert:100 energy, 0.5 stamina regen, 0.5 health regen, 1 speed)								1	
Magic Cowboy Hat	It's shimmering with prismatic energy		Desert Trader in exchange for 333 Omni Geodes, odd days.		Autopet all, Loving Rancher, 1.17 popularity			Prismatic					1	
Lucky Bow	The middle is made of solid gold.		Earn 50,000g.		1 luck								1	
Logo Cap	A pink cap with a sleek profile.		Tailoring										0	
Living Hat	It absorbs moisture from your scalp. No watering needed!		0.001% chance to find while cutting weeds. 0.01% chance of dropping from Wilderness Golems.		2 speed, Autowater, 2 foraging, 10 spikey, 1.2x foraging xp, (underground: -4 speed)			One With Nature					1	
Leprechaun Hat	The previous owner must've had a big head for a Leprechaun.		Drops from the pot of gold by the rainbow next to the Abandoned House on Spring 17th.		2 luck			Season of Luck					1	
Laurel Wreath Crown	A garland of leaves shaped into a lovely crown.		Randomly obtained from Emily's outfit services at the Desert Festival.		30 spikey, yoba ring, autorevive, autowater			Vigil Ascension					1	
Knight's Helmet	It looks just like the real thing!		Monster Eradication Goal - Defeat 50 Pepper Rex.		1.45x attack, 2 defense, (underground: 1 speed)								1	
Junimo Hat	To honor our little buddies...		Reach the summit.		5 luck								1	
Joja Cap	An official Joja Cap. Made from 100% polyester.		Randomly obtained from Emily's outfit services at the Desert Festival.		15% discount joja market								1	
Jester Hat	Put your inner clown on display.		See a movie.		1.17 Popularity, 20 magnetism, lewis dissaproves (hes scared of clowns)			Clown Around					1	
Iridium Pan (hat)	You place the iridium pan on your head...		Place the Iridium Pan in the hat slot next to the farmer sprite in the inventory menu.		1 speed, 2 luck								1	
Infinity Crown	It's made from an exotic metal you've never seen before.		Obtain the most powerful weapon.		10 attack, 10 combat			Ruler of Infinity					1	
Hunter's Cap	The wool lining should stay warm deep into the forest.		Upgrade your house to the maximum size.		1.3x crit chance, 1 defense, 2 combat, 1.15x combat xp, (healthy: 2 speed)								1	
Hard Hat	Keep your dome in one piece.		Monster Eradication Goal - Defeat 30 Duggies.		2 defense, 5% construct discount, 10% robin discount, protection ring								1	
Hair Bone	A prehistoric version of the hair bow.		Tailoring		Monster Musk Effect								1	
Green Turban	A green silk turban with a gold ornament on the front.		Desert Trader in exchange for 50 Omni Geodes.		 protective ring, (desert:150 energy, 2 stamina regen)								1	
Governor's Hat	A replica of the Governor's iconic hat.		Delight the Governor.		60 health, -2 speed, 1.17x popularity, 2 still health regen								1	
Good Ol' Cap	A floppy old topper with a creased bill. Looks like it's been through a lot.		Earn 15,000g.										0	
Golden Mask	A faithful recreation of the Calico Desert relic!		Tailoring		25% dodge			Miderian Finale					1	
Golden Helmet	It's half of a golden coconut.		Golden Coconuts (5% chance on opening).		(island: 2 speed, 3 luck) (underground: -1 speed, -1 luck)								1	
Gold Pan (hat)	You place the gold pan on your head...		Place the Gold Pan in the hat slot next to the farmer sprite in the inventory menu.		1 speed, 1 luck								1	
Goggles	These will make you look very safe.		Tailoring										0	
Goblin Mask	Freak out the neighborhood with this creepy mask. Rubber ear joints for effect.		Ship every item.		3 speed, 1 attack, -20 defense, burglar ring (undergound: 2 speed)								1	
Gnome's Cap	This gnome had a very large head.		Craft every Item.		50% clint discount, 4 defense			Why Go Alone?					1	
Gil's Hat	It's the same hat that Gil wears.		Obtained as a reward for submitting an egg rating of 25-54 to Gil during Desert Festival.		3 attack, 2 combat, 1.3x combat xp, ParryBoost (Melee Sword: 3 Attack, 2 Combat))			Decorated Past					1	
Garbage Hat	It's a garbage can lid 'upcycled' into a hat...		0.2% chance to find while checking Garbage Cans in Town, only after checking 20 cans.		Lewis dissaproves, 1.001x foraging xp (lol)			Hidden Treasure					1	
Frog Hat	A slimy friend that lives on your dome.		Fish in the Gourmand Frog's cave on Ginger Island.		Frog companion, (wet weather:1.35x popularity, 4 speed)								1	
Forager's Hat	It's a forager's delight.		Tailoring		3 foraging, 1.15x foraging xp								1	
Floppy Beanie	A warm hat with a looser fit.		Tailoring		(winter:40 health, 50 energy, 1 speed)								1	
Flat Topped Hat	An old style of hat once considered very fashionable.		Tailoring										0	
Fishing Hat	The wide brim keeps you shaded when you're fishing on the riverbank.		Tailoring		3 fishing			Running River					1	
Fedora	A city-slicker's standard.		Purchase for 500 at the Stardew Valley Fair.										0	
Fashion Hat	A fashionable hat with a feather in the brim.		Tailoring										0	
Eye Patch	You can't tell if it's real or just from a costume shop.		Catch every fish.		3xFishingchest, keep chests, 4 fishing, (fall: popularity, 9 attack, Bombey 15, 50 health)								1	
Emily's Magic Hat	Made with love by Emily. It's 100% organic!		Obtained in Emily's 14-heart cutscene.		10 rainbow glow, (green rain: 5 luck, 5 speed, 5 foraging,1.51x Popularity)			Truly Magic					1	
Elegant Turban	A fine black silk turban with gold trim.		Earn all other Achievements.		5 speed, autorevive, protective ring, 3 stamina regen,(desert:200 energy, 200 health, 25 health regen)								1	
Earmuffs	Keep your ears toasty. Lined with artisanal velvet from Castle Village.		Reach a 5-heart friend level with 20 people.		5 immunity, sturdy ring, (Winter: 10 health, 5 immunity, 2 speed)								1	
Dinosaur Hat	A hat fashioned to look like a small dinosaur.		Tailoring		50 health,  1.3x knockback (Low health: 2 attack),(Critical health: 2 speed) 			Eonic Tribute					1	
Deluxe Pirate Hat	Only the most infamous pirate could pull off this look.		Volcano Dungeon rare chests (~11.1% chance).		FishingChest+, (island: keepchests, 3 fishing, 1 speed)								1	
Deluxe Cowboy Hat	A cowboy hat with a more extreme shape.		Island Trader on Fridays in exchange for 30 Taro Roots.		Autopet all, Loving Rancher								1	
Delicate Bow	Little pink jewels glisten as you examine it.		Cook 10 different recipes.										0	
Dark Velvet Bow	A big, floppy bow made of dark velvet.		Purchase for  75 from the Calico Egg Merchant at the Desert Festival.		1.17 Popularity, (While holding shadow dagger: 50 energy sapping, (On krobus talk: 50 friendship))			No Will To Break					1	
Dark Cowboy Hat	A cowboy hat in fashionable black.		Skull Cavern treasure chests (~3.8% chance).		Autopet all, Loving Rancher								1	
Dark Ballcap	It fits perfectly on your head.		Randomly obtained from Emily's outfit services at the Desert Festival.		7 Mining, Mercenery, 7 Combat, Burglar Ring			Street Smart					1	
Daisy	A fresh spring daisy to put in your hair.		Craft 15 different items.										0	
Cowpoke Hat	For dairy experts.		Ship 15 of each crop.		Autopet all, Loving Rancher, 1.17 popularity, 1 speed (farm: 5 farming)								1	
Cowgal Hat	The band is studded with fake diamonds.		Ship 300 of one crop.		Autopet all, Loving Rancher			Slayyyy					1	
Cowboy Hat	The leather is old and cracked, but surprisingly supple. It smells musty.		Complete the museum collection.		Autopet all, Loving Rancher, 1.17 popularity, 1 speed (farm: 2 speed)			Prairie Friend					1	
Copper Pan (hat)	You place the copper pan on your head...		Place the Copper Pan in the hat slot next to the farmer sprite in the inventory menu.		1 speed								1	
Cool Cap	It looks really faded, but it used to be a vibrant blue.		Earn 250,000g.										0	
Cone Hat	A curiosity from a distant land.		Purchase from the Magic Shop Boat at the Night Market.		(Spring: (Storm: (Critical health: (4pm-4:10pm: (While holding Ossified Blade: 100 speed, 3.5x popularity 100 luck)))))								1	
Chicken Mask	You'll be sure to get them grinning with this one.		Complete 40 'Help Wanted' requests.		Autopet all, Loving Rancher, 2 farming (On farm: 4 speed)			Squawk Proud					1	
Chef Hat	The traditional hat worn by a head chef.		Cook every recipe.		3 luck, 2 speed, 1.17 popularity, -5 defense			Michelin Star					1	
Cat Ears	Whiskers included.		Reach a 10-heart friend level with 8 people.		2 speed, 2 fishing, 1.3x crit chance, 1.3x crit damage, 20% dodge, ParryBoost, -20 defense, FishingBarBoost (While holding Meowmere: 100x crit chance, -50 defense, 10 underground speed)								1	
Butterfly Bow	This one is very soft.		Reach a 5-heart friend level with someone.		3% Fairy Event chance								1	
Bucket Hat	A simple hat with a short brim.		Obtained as a reward from the Trout Derby.		FishingBarBoost, (summer: 2 fishing, 1.2x fishing xp)								1	
Bridal Veil	The traditional headwear for a bride.		Tailoring		(Wedding: 4 speed, 6 luck, Autorevive)(Underground: -1 speed)								1	
Bowler Hat	Made from smooth felt.		Earn 1,000,000g.										0	
Bluebird Mask	Wear this to look just like your favorite island trader.		Island Trader on Wednesdays in exchange for 30 Taro Roots.		Nauseous, 2 speed								1	
Blue Ribbon	A lovely ribbon that sits behind the head.		Get 1st place in the Stardew Valley Fair competition.										0	
Blue Cowboy Hat	A denim cowboy hat in cool blue.		Skull Cavern treasure chests (~3.8% chance).		Autopet all, Loving Rancher								1	
Blue Bow	This huge bow makes quite a statement!		Purchase for  50 from the Calico Egg Merchant at the Desert Festival.										0	
Blue Bonnet	Harken back to simpler times with this prairie bonnet.		Donate 40 different items to The Museum.		(While holding hoe: 1 speed, -10 defense, 4 luck, 10 magetism)								1	
Blobfish Mask	Just as spongy as the real thing!		Tailoring		-10 defense, -10 attack, -10 speed, -99 health (On Willy talk: 150 energy, 50 friendship)								1	
Beanie	A warm hat with a pretty tight fit.		Tailoring		(winter:25 health, 25 energy)								1	
Archer's Cap	Fashionable whether you're an archer or not.		Cook every recipe.		2 speed, 2x weapon speed, 1.3x attack, -2 def, 45 Slingshot boost, (half health: -8 def)								1	
Arcane Hat	The type of cowboy hat worn by a wizard.		Monster Eradication Goal - Defeat 100 Mummies.		burglar ring,(On Caroline Talk: 50 friendship) (storm: 10 immunity, 3 speed) (fall and storm: autorevive, 8 attack)			Salem's Fallout					1	
Abigail's Bow	It's just like Abby's.		Purchase for  60 from Abigail's shop at the Desert Festival.		(On sebastion talk: 40 friendship)								1	
.... (Shiny Fish Exclusive)	....		Tailoring with Shiny Legend (Shiny Fish Exclusive)		3 speed, autorevive, parry boost, 35 sapping, 4x attack speed, 30 still healing								1	
Slime Mask (Boss Battles Exclusive)			Defeat Slime Boss (25%)		Slime Charmer Ring, 1 defense								1	
Gem Eyes(Boss Battles Exclusive)			Defeat Golem Boss (25%)		4 Purple Glow, 2 attack, 1.15x Combat xp								1	
Dust Helm (Boss Battles Exclusive)			Defeat Dust Amalgamation (25%)		2 attack, 1 defense, burglar ring								1	
Ghost Crown (Boss Battles Exclusive)			Defeat Living Crystal (25%)		2 attack, 1 speed, 20% dodge chance								1	
Crystal Helm (Boss Battles Exclusive)			Defeat Living Crystal (25%)		3 attack, -8 defense, debuff immunity								1	
Sisters Mask(Boss Battles Exclusive)			Defeat The Wise Sister (25%)		1 speed, Ice Rod, (Low Health: 1 speed)								1	
Dwarvern Warrior Helm (Boss Battles Exclusive)			Defeat The Dwarvern Warrior (25%)		4 Attack, 3 Defense, 3 Combat, Bombey(15) (While holding dwarf hammer: 2 speed)			Diggy Diggy					1	
Iridium Mask (Boss Battles Exclusive)			Defeat The Iridium Soldier (25%)		5 Attack, 5 Defense, Monster Musk, Mercenery, 15 Vampirism, (While Holding Infinity Blade: 2 speed)			Vigil Ascension					1	
White Chicken Mask	Exclusive to Passerby Cemetery				Loving rancher, pet animals, 25% popularity, (On talk: 30 friendship)									
Cat Hat	Exclusive to Passerby Cemetery				3 speed									
Turtle hat	Exclusive to Passerby Cemetery				15 defense									
CaveFlowerhairPiece	Exclusive to Passerby Cemetery				(Underground: 2 speed, 2 attack, 2 defense)									
Surveyer Hat	Exclusive to Nature In The Valley				1 speed, 2 foraging, Professional Forager									
Legendary Fish Masks	Exclusive to Sqtardew Aquarium				Each mask gives 1 speed and 5 fishing during the season caught, with mutant carp giving -25 popularity									
???	???		Interact with the monkey in the Volcano Caldera once you have achieved 100% Perfection.										0	
														101
Shirt Name	Description	Dyeable	How to Obtain/Info	Tailor Recipe	Effect			Set Bonus						
80's Shirt	A gnarly t-shirt that sits off the shoulder.	Yes		Cactus Fruit									0	
Antiquity Shirt	A shirt with an ancient pattern.	No		Chipped Amphora	3 defense, 4 immunity, sturdy ring								1	
Mystery Shirt	Made from the leftovers of a Mystery Box.	No	Mystery Boxes	N/A				Top Top Hat						
Aquamarine Shirt	An aquamarine shirt.	No	Can be chosen at character creation	Duck Mayonnaise									0	
Arcane Shirt	You can feel a certain power from this garment.	No		Galaxy Soul	6 Immunity, 1.65x crit damage (storm:40% dodge chance, 1.5x crit chance)			Salem's Fallout					1	
Backpack Shirt	A plain shirt with a canvas backpack.	Yes		Strange Capsule	(Weapon Dagger: (Underground: 8 speed), 0% crit chance, 0% crit damage, -150 defense, 2.5x weapon speed, ring: burglar ring)								1	
Banana Shirt	Consider this shirt, if you happen to love bananas.	No		Banana Pudding	Sapping(14),(island: 2 speed, 20 max energy)								1	
Bandana Shirt	A shirt with a bandana to keep your neck soft.	No		Jasper	3 defense, 15% dodge, Mercenery								1	
Bandana Shirt	A shirt with a bandana to shield your neck from harm.	No		Kyanite	3 defense, 15% dodge, Mercenery								1	
Bandana Shirt	A shirt with a bandana to keep your neck soft.	No		Fluorapatite	3 defense, 15% dodge, Mercenery								1	
Basic Pullover	It's a plain pullover.	Yes	A variant of the male version may be obtained from the Makeover Stall at the Desert Festival[3] - this variant has an effect	Fiber Wood	(Only soft edge variant!: 3 luck, -10 defense, fishing chest++)								1	
Belted Coat	A velvety black coat with a prominent belt.	No		Autumn's Bounty	(winter:40 health, 30 energy, 3 defense)								1	
Bikini Top	A summer staple.	Yes	Sleeveless	Rainbow Shell									0	
Black Leather Jacket	A cool jacket made of dark black leather.	No		Beer Mead Pale Ale Piña Colada Wine (any)	Tipsy, 7 attack								1	
Blacksmith Apron	Handed down from one generation to the next.	No		Fiddlehead Risotto	25% clint discount, 2 defense								1	
Blue Buttoned Vest	It's a blue shirt with dyeable sleeves.	Yes (sleeves only)		Octopus									0	
Blue Hoodie	A sporty blue pullover with a hood.	No		Frozen Geode									0	
Blue Long Vest	A long blue vest above a grey shirt.	No	Sleeveless	Bone Flute									0	
Bobo Shirt	A pink shirt featuring a strange-looking guy.	No		Strange Doll (yellow)									0	
Bomber Jacket	A thick, sturdy jacket worn by fighter pilots long ago.	No		Bomb Cherry Bomb Mega Bomb	Bombey 15, 20 slingshot power								1	
Bridal Shirt	A beautiful white top, perfect for a bride.	No		Ornamental Fan	2 Luck								1	
Brown Jacket	A nice, sturdy jacket made of brown material.	No	Can be chosen at character creation	Mudstone	2 mining								1	
Brown Overalls	It's hard to see the dirt stains on this one.	No		Hazelnut									0	
Brown Suit	It's a standard brown business suit.	No		Ancient Seed	Autowater, 2 farming								1	
Burger Shirt	Wear what you eat!	No		Survival Burger									0	
Button Down Shirt	A simple, clean shirt.	Yes		Fish Taco	1 speed, 2 attack, 1 defense, 25 max energy								1	
Camo Shirt	Helps you blend in with the surroundings.	No		Stir Fry	30% dodge chance, -7 defense, (On Kent Talk: 25 friendship, 35 stamina)								1	
Canvas Jacket	A brown jacket with a fleece lining.	No		Chewing Stick	(On Leah talk: 30 friendship)								1	
Captain's Uniform	The classic uniform of a ship's captain.	No		Anchor	fishing chest, 3 attack, 1.17 popularity								1	
Cardigan	A soft button-up cardigan sweater.	Yes		Large Egg									0	
Carp Shirt	A big carp head adorns the front.	No		Carp Surprise	(While holding carp: 100 attack)								1	
Caveman Shirt	A stone-age classic!	No	Sleeveless	Prehistoric Handaxe Prehistoric Tool	5 Attack								1	
Chef Coat	The traditional uniform of a head chef.	No		Escargot				Michelin Star					0	
Circuitboard Shirt	The shirt looks like an electronics circuitboard.	No		Rusty Cog	(On Maru Talk: 50 friendship, 100 gold)								1	
Classic Overalls	A farming classic.	No	Can be chosen at character creation	Complete Breakfast	BeeKeeper								1	
Classy Top	It feels like the softest velvet.	No		Helvite									0	
Collared Shirt	A shirt with a starchy white collar.	Yes		Green Algae White Algae									0	
Copper Breastplate	Decorative armor made from copper.	No		Copper Bar	1 defense, protective ring								1	
Cowboy Poncho	A legendary outfit from the old west.	Yes (but will have no effect unless corresponding asset is fixed manually or with a mod)		Prairie King arcade	1 speed, 50 Slingshot power, 1.17 popularity, (Farm: 3 still stamina regen), loving rancher			Prairie Friend					1	
Crab Cake Shirt	Pre-slathered with aioli for your enjoyment. Bon Appetit!	No		Crab Cakes	1.2x attack, 3 defense								1	
Crop Tank Top	A sleeveless shirt cut extra short on the bottom.	Yes	Sleeveless	Wheat									0	
Crop Top Shirt	A shirt cut extra short on the bottom.	Yes		Amaranth									0	
Dark Bandana Shirt	A dark shirt with a colorful bandana.	Yes (bandana)	Can be dropped by Haunted Skulls	Truffle Truffle Oil	Mercenery, 5 vampirism, 1.2x attack								1	
Dark Highlight Shirt	A dark shirt with bright highlights.	Yes (green portion only)	Can be dropped by Haunted Skulls	Life Elixir Monster Musk Oil of Garlic	Mercenery, 10 soul sapping, 1.3x crit chance								1	
Dark Jacket	A dark denim jacket lined with fleece.	No		Frozen Tear									0	
Dark Shirt	A dark colored shirt.	No	Can be chosen at character creation	Bat Wing									0	
Dark Striped Shirt	A dark shirt with colorful stripes.	Yes (stripes)		Tigerseye	Darkness, 1 speed, 2 attack								1	
Darkness Suit	A black suit top with a faded red pocket square.	No		Wilted Bouquet	15% krobus discount, (underground:2 speed)			No Will To Break					1	
Denim Jacket	A rugged jacket made from denim.	No		Field Snack									0	
Dirt Shirt	You'll fit right in on the farm!	No		Maple Bar	(On Haley talk: -500 friendship)								1	
Doll Shirt	A shirt featuring a strange ancient doll face.	No		Ancient Doll									0	
Excavator Shirt	Look sharp while digging for fossils.	No		Junimo Kart Arcade	depth scaling stats (25), ores from rocks								1	
Faded Denim Shirt	It's a denim shirt with a dusty, faded look.	No		Salmon									0	
Fake Muscles Shirt	You could hit the gym, or you could just wear this instead.	Yes		Muscle Remedy	5 attack (On Alex Talk: -200 g)								1	
Fancy Red Blouse	A bright red blouse adorned with shiny yellow buttons.	No	Can be chosen at character creation	Holly									0	
Fish Shirt	A shirt with a fish logo.	Yes (fish)		Bream Catfish Dorado Ghostfish Goby Rainbow Trout Sandfish Shad Sunfish Tiger Trout	1.2x fishing xp, 3 fishing								1	
Fishing Vest	Lots of pockets to store your tackle.	No		The Legend II	Fish pond commitment, bait produce(5), recycler, 2 fishing, (Farm: 2 fishing)			Running River					1	
Flames Shirt	Look cool with hot flames.	No		Spicy Eel	Burnt, 1.17 Popularity, 3 speed (Healthy: Spikey(15), 4 red glowing)								1	
Flannel Shirt	A nice thick button down shirt with a cross-hatch pattern. Perfect for cold winters.	Yes		Coffee Bean									0	
Fluffy Shirt	It's fuzzy.	No		Chicken Statue	(Farm: 6 combat) (Critical health and underground: 5 speed)			Squawk Sproud					1	
Fried Egg Shirt	Wake up, it's time for eggs.	No		Fried Egg	(6am-11am: 1 speed, 5 attack, 40 energy)								1	
Fringed Vest	A fringed brown vest over a sleeveless shirt.	Yes (shirt)	Sleeveless	Chowder	Ores from Rocks, 2 defense								1	
Gaudy Shirt	It's a therapeutic blue...	No		Blue Grass Starter	2 Foraging, 1.17 Popularity								1	
Ginger Overalls	The color scheme is inspired by ginger ale.	No		Ginger Ale	1 Luck, 1 attack (island:2 luck, 1 speed)								1	
Globby Shirt	It's got an indistinguishable glob pattern.	Yes		Aged Roe	Fish pond commitment, 4 combat								1	
Gold Breastplate	Decorative armor made from solid gold.	No		Gold Bar	3 defense, protective ring								1	
Gold Trimmed Shirt	A shirt with a gold trim.	Yes		Tea set	2x crit chance, 3x crit damage, Golden Spur								1	
Golden Shirt	It's a shiny golden shirt.	No		Dried Starfish	5 mining, Burglar ring, 1 white glowing								1	
Goodnight Shirt	A big baggy nightshirt with a detailed moon graphic.	No	Can be purchased from Maru at the Desert Festival.	Lunarite	(12am-2am: 4 speed)			Eclipse					1	
Gray Hoodie	A sporty gray pullover with a hood.	No		Geode									0	
Gray Suit	It's a custom-tailored gray suit.	No		Esperite	15% joja discount								1	
Gray Vest	A gray vest over a white shirt.	No		Quartz									0	
Green Belted Shirt	A green, belted shirt.	No	Can be chosen at character creation	Cave Carrot	1.15x mining xp								1	
Green Belted Shirt	A green shirt with a belt.	No		Malachite				Season of Luck					0	
Green Buttoned Vest	It's a green shirt with dyeable sleeves.	Yes (sleeves only)		Rhubarb Spice Berry									0	
Green Flannel Shirt	A flannel shirt with a green and brown pattern.	No		Super Meal									0	
Green Jacket	Inspired by the mallard's coat. The shirt can be dyed.	Yes (shirt)		Statue of Blessing	Professional Forager, Sapping(10), speed 1, slime charmer ring, 2 Foraging								1	
Green Overalls	A slightly less popular farming classic.	No	Can be chosen at character creation	Fiddlehead Fern	Professional Forager								1	
Green Thumb Shirt	It comes pre-rubbed with potting soil.	No		Jamborite	3 farming								1	
Green Tunic	A shirt fit for an adventurer.	No	Can be chosen at character creation	Ancient Sword	20% adventures guild discount, parry boost			Why Go Alone?					1	
Green Vest	A neat green vest over a shirt.	No	Can be chosen at character creation	Bean Hotpot	Ores from rocks								1	
Happy Shirt	It's the happiest shirt.	No		Lemon Stone	1.17 Popularity								1	
Heart Shirt	Wear your heart on your sleeves with this extra soft garment.	No	Can be chosen at character creation Randomly sold at the Oasis										0	
Heart Shirt	Wear your heart on your sleeves with this extra soft garment.	Yes (heart)	Non-dyeable version can be chosen at character creation	Strange Bun	50 health								1	
High Heat Shirt	The shirt almost looks like it's on fire!	No		Torch	Burnt, 2 speed, 7 attack, Spikey (5)								1	
High-Waisted Shirt	The high-waisted pants look, with a dyeable bottom.	Yes (bottom)		Basic Fertilizer Basic Retaining Soil Deluxe Fertilizer Deluxe Retaining Soil Hyper Speed-Gro Speed-Gro Tree Fertilizer									0	
High-Waisted Shirt	The high-waisted jeans look, with a dyeable top.	Yes (top)		Deluxe Speed-Gro Quality Fertilizer Quality Retaining Soil									0	
Holiday Shirt	Celebrate the Feast of the Winter Star.	No		Pumpkin Pie	(Winter:Popularity, 10 immunity)			Jolly					1	
Hot Pink Shirt	A silky shirt in tropical pink.	No		Poi				Slayyyy					0	
Iridium Breastplate	Decorative armor made from pure iridium.	No		Iridium Bar	5 defense, protective ring, (While holding holy blade: 50 vampirism, (On marlon talk: 75 friendship))			Ruler of Infinity					1	
Iridium Energy Shirt	Show off your iridium energy.	No		Iridium Ore	15 second still 40 stamina regen								1	
Island Bikini	A Fern Islands classic.	Yes	Sleeveless.	Golden Coconut	1 speed, -8 defense, Lewis disapproves (Island: 1.51 Popularity)								1	
Jester Shirt	Put your inner clown on display.	No		Pyrite	1.17 Popularity			Clown Around					1	
Jewelry Shirt	A shirt with a simple golden chain.	No		Elvish Jewelry	(On dwarf talk: 150 gold), 1.17 Popularity			Diggy Diggy					1	
Kelp Shirt	It looks like you just washed up on the beach. Smells like it, too.	No	Sleeveless	Seaweed									0	
Leafy Top	Real leaves adorn this garment.	No		Jagoite	Sapping 7			One With Nature					1	
Letterman Jacket	A jacket that's oozing with team spirit.	Yes (red portion only)		Energy Tonic	Bombey 10, 30 maxenergy								1	
Light Blue Shirt	A light blue shirt.	No	Can be chosen at character creation	Mayonnaise									0	
Light Blue Striped Shirt	A light blue shirt with a white stripe.	No	Can be chosen at character creation	Rice Pudding	Bait Production(10)								1	
Lime Green Striped Shirt	A lime green shirt with white stripes.	No	Can be chosen at character creation	Duck Feather									0	
Lime Green Tunic	A bright green tunic with a belt.	No	Can be chosen at character creation	Leek	2 defense			Why Go Alone?					1	
Magenta Shirt	This particular shade is unique to the magma cap mushroom.	No		Magma Cap									0	
Magic Sprinkle Shirt	A shirt with prismatic sprinkles.	No	Prismatic version of the Polka Dot Shirt	Magic Rock Candy									0	
Mayoral Suspenders	A pair of suspenders that looks awfully familiar...	No	Can be chosen at character creation	Vegetable Medley	1.17 Popularity (On lewis talk: 50 stamina)								1	
Midnight Dog Jacket	It's dyed a deep midnight blue from squid ink.	No		Squid Ink	1% Owl Event Chance, 1% Strange Event Chance								1	
Mineral Dog Jacket	It's infused with trace minerals from the ocean.	No		Seafoam Pudding	6% Meteorite Chance								1	
Mint Blouse	A cute, light green blouse.	No	Can be chosen at character creation	Dandelion									0	
Morel Shirt	This shirt features the iconic spring mushroom.	No		Morel	Professional Forager								1	
Navy Tuxedo	An elegant top for formal events.	No		The Zuzu City Express	1.17 Popularity, 1.5x Attack, 1.5x Crit chance, 2x Weapon Speed, Parry Boost, Mercenery (Clear day: 1 speed)			Street Smart					1	
Neat Bow Shirt	A neat button down shirt with a prominent bow tie.	No	Can be chosen at character creation										0	
Neat Bow Shirt	A neat button down shirt with a prominent bow tie.	Yes (bow tie)	Only obtainable as a random cosmetic item		1 speed, 35 health, 35 energy, 70 weapon speed, Parry boost								1	
Necklace Shirt	A shirt with a gold necklace.	Yes		Refined Quartz									0	
Night Sky Shirt	A shirt that reminds you of the night sky.	No	Can be chosen at character creation	Blueberry Tart									0	
Oasis Gown	The jewel of the desert.	No	Sleeveless	Tom Kha Soup	25% sandy discount, (On Sandy Talk: 200 health)								1	
Ocean Shirt	The shirt looks like underwater ripples.	No		Ocean Stone	10% willy								1	
Officer Uniform	The classic uniform for an officer of the law.	No		Glass Shards									0	
Oil Stained Shirt	It's already stained with oil for that greasy look.	No	Sleeveless	Oil									0	
Omni Shirt	It's speckled with rainbow flecks!	No		Omni Geode	(On Clint talk: 60 friendship)								1	
Orange Bow Shirt	A striped orange shirt with a big white bow.	No		Winter Root									0	
Orange Gi	A loose garment typically worn by martial artists.	Yes (blue portion only)	Sleeveless	Vinegar	2 defense, 3 attack								1	
Orange Shirt	An orange shirt.	No	Can be chosen at character creation	Chanterelle									0	
Pendant Shirt	A shirt with a big pendant.	Yes		Stone Owl	(Weapon Hammer: 6 attack, 10x knockback, Bombey, 2.25x attack multiplier, 0x weapon speed, -2 speed)								1	
Pink Striped Shirt	A pink shirt with stripes.	No	Can be chosen at character creation	Bug Meat									0	
Plain Overalls	Classic overalls with a shirt that can be dyed.	Yes (shirt)		Egg									0	
Plain Shirt	A simple shirt.	No	Can be chosen at character creation	Wool									0	
Polka Dot Shirt	A dark shirt with dyeable polka dots.	Yes		Roe (any) Void Mayonnaise									0	
Pour-Over Shirt	A familiar zig-zag pattern adorns this shirt. Ahhh... that smell.	No		Coffee Triple Shot Espresso									0	
Prismatic Shirt	It's shimmering with prismatic energy.	No	Prismatic (rectangle on front)	Prismatic Shard	55 health, 3 rainbow glow								1	
Prismatic Shirt (black sleeves)	It's shimmering with prismatic energy. Has dark sleeves.	No	Prismatic	Prismatic Shard	Autorevive, -10 defense, 3 rainbow glow			Prismatic					1	
Prismatic Shirt (white sleeves)	It's shimmering with prismatic energy. Has white sleeves.	No	Prismatic	Prismatic Shard	55 energy, 3 rainbow glow								1	
Purple Blouse	A stunning purple blouse.	No		Iridium Krobus	(Weapon Melee Sword: 3.5x crit chance, depth scaling stats x 2)								1	
Rain Coat	The classic yellow rain coat.	No		Crayfish Periwinkle Snail	(Wet Weather: 10 defense, 10 immunity)								1	
Ranger Uniform	The classic uniform for a park ranger.	No		Trout Soup	1.3x foraging xp								1	
Red Buttoned Vest	It's a red shirt with dyeable sleeves.	Yes (sleeves only)	Only obtainable as a random cosmetic item		4 defense, Vampirism 6, soul sapping 15								1	
Red Flannel Shirt	A flannel shirt with a red and blue pattern.	No		Hashbrowns									0	
Red Hoodie	A sporty red pullover with a hood.	No		Magma Geode									0	
Red Striped Shirt	A red shirt with white stripes.	No	Can be chosen at character creation	Cranberry Candy									0	
Red Tuxedo	An elegant top for formal events.	No		Red Plate	Vampirism 6, soul sapping 15, 8 attack, -12 defense, 1.17 popularity			Decorated Past					1	
Regal Mantle	A regal purple garment.	No		Ancient Drum	1 luck, yoba ring, 10% pierre discount			Vigil Ascension					1	
Relic Shirt	I found a golden relic and I've got the shirt to prove it!	No		Golden Relic	Fear, 14 attack			Miderian Finale					1	
Retro Rainbow Shirt	A simple shirt with a faded rainbow pattern.	No	Can be chosen at character creation	Ice Cream									0	
Rusty Shirt	It's made to look like the shirt is full of rust.	No		Rusty Spoon									0	
Sailor Shirt	Reminds you of the open sea.	No	Can be chosen at character creation		Fish pond commitment								1	
Sauce-Stained Shirt	It's already covered in spaghetti sauce so you don't have to feel guilty about it!	No		Spaghetti	Lewis dissaproves								1	
Shirt And Belt	A plain shirt with a brown belt.	Yes		Carrot Cauliflower Garlic Green Bean Hops Kale Parsnip Potato Taro Root Tea Leaves Unmilled Rice	Oil of Garlic, -3 speed								1	
Shirt And Tie	A white dress shirt and a tie.	Yes (necktie)		Bruschetta									0	
Shirt O' The Sea	It smells like the brine of the sea.	No		Dish O' The Sea	(ocean: 5 fishing, 1.5x fishing xp)			Siren					1	
Shirt with Bow	This shirt comes with a little bow around the neck.	Yes		Orpiment									0	
Short Jacket	A short dyeable jacket over a shirt.	Yes (jacket)		Plum Pudding									0	
Shrimp Enthusiast Shirt	For those whose appetites demand a steady supply of shrimp.	No		Shrimp Cocktail	Bait Produce(2)								1	
Silky Shirt	It's made from a smooth silky substance.	Yes (blue portion only)		Radish Salad	20% dodge chance, 6 immunity								1	
Skeleton Shirt	A shirt with a skeletal rib cage printed on it.	No	Can be chosen at character creation. Can be dropped by Haunted Skulls.	Bone Fragment Fossilized Leg Fossilized Ribs Fossilized Skull Fossilized Spine Fossilized Tail Mummified Bat Mummified Frog Prehistoric Rib Prehistoric Scapula Prehistoric Vertebra Skeletal Hand Skeletal Tail Snake Skull Snake Vertebrae	Mercenery			Spook					1	
Skull Shirt	A shirt with a menacing skull printed on it.	No	Can be chosen at character creation. Can be dropped by Haunted Skulls.	Prehistoric Skull	Depth Scaling Stats			Spook					1	
Shirt	A wearable shirt. (Looks like a dino)	No		Emerald				Eonic Tribute					0	
Sleeveless Overalls	Classic overalls with a sleeveless shirt that can be dyed.	Yes (shirt)	Sleeveless	Large Milk									0	
Slime Shirt	A shirt that looks like a big slime.	No		Petrified Slime	Slime Charmer Ring, 2 green glow			Wild					1	
Soft Arrow Shirt	A soft-colored shirt with an upward arrow pattern.	No		Arrowhead	4 combat, 5 ranged power								1	
Sports Shirt	Knock it out of the park with this classic look.	Yes (sleeves only)		Juice (any)									0	
Spring Shirt	It's light, it's fresh, and it features the colors of spring.	No		Rhubarb Pie	BeeKeeper, (Sunny: 1 speed)(Spring:1 speed)								1	
Star Shirt	The star is supposed to glow in the dark, but it doesn't.	Yes (star)		Star Shards	7 glowing								1	
Steel Breastplate	Decorative armor made from steel.	No		Iron Bar	2 defense, protective ring								1	
Store Owner's Jacket	A jacket that looks like it'd be worn by a small town merchant.	No	Can be chosen at character creation	Fried Calamari	10% Pierre discount								1	
Strapped Top	A top with a thin strap.	Yes	Sleeveless	Coral Nautilus Shell Sea Urchin									0	
Striped Shirt	It's a shirt with faint stripes on it.	Yes		Corn									0	
Studded Vest	A black vest studded with metal spikes.	No	Sleeveless	Obsidian	Spikey(10), 2 attack								1	
Sugar Shirt	It's bursting with 'sweet energy'.	No		Sugar									0	
Suit Top	A formal top for fancy events and celebrations.	No	Can be chosen at character creation	Bouquet	(wedding: 1.17 popularity, 4 speed, 6 luck)								1	
Sunset Shirt	A shirt inspired by the most evocative time of day.	No		Glazed Yams	(4pm to 8pm: 1 speed, 7 defense)								1	
Emily's Magic Shirt	Made with love by Emily. Colored with all-natural dye!	No		Emily 14 heart event				Truly Magic					0	
Tan Striped Shirt	A tan shirt with a white stripe going through the middle of it.	No	Can be chosen at character creation	Sap									0	
Tank Top	A sleeveless shirt.	Yes	Sleeveless	Radish Red Cabbage Summer Squash									0	
Tea Shirt	A shirt inspired by the popular beverage.	No		Green Tea	1.17 Popularity								1	
Toasted Shirt	It looks lightly toasted.	No		Cheese Cauliflower									0	
Toga Shirt	It's an old design, but the airflow is really nice!	No	Sleeveless	Marble									0	
Tomato Shirt	A shirt that answers the big question: 'Tomatoes are'... (but the rest is smudged).	No	Sleeveless	Tomato	1.4x farming xp								1	
Tortilla Shirt	A shirt that looks like the surface of a tortilla.	No		Tortilla									0	
Track Jacket	A light jacket made from elastic material.	No		Pancakes	2 speed, -50 MaxHealth, 30 max energy, 1 still stamina regen 								1	
Trash Can Shirt	You're wearing a trash can.	No	Sleeveless	Broken CD Broken Glasses Driftwood Soggy Newspaper Trash (item)	Recyler, 4 defense			Hidden Treasure					1	
Trinket Shirt	A shirt with large colored glass orbs attached to it.	No		Artifact Trove									0	
Tropical Sunrise Shirt	This shirt smells like coconut.	No		Tropical Curry	(6am-11am: oil of garlic, 1 speed), (while on island: 1 speed, ores from rocks)								1	
Tube Top	A strapless top that wraps around the body.	Yes	Sleeveless	Sea Cucumber Super Cucumber									0	
Tunnelers Jersey	It's a jersey for the Zuzu City Tunnelers.	No		Pepper Poppers									0	
Turtleneck Sweater	Keep that neck piping hot.	Yes		Copper Ore Gold Ore Iron Ore Radioactive Ore									0	
Tie Dye Shirt	A shirt that was tied up and then dipped into multiple colored dyes.	No	Only obtainable as a random cosmetic item		5x weapon speed, Parry Boost, 1 health regen, 1 stamina regen								1	
Vacation Shirt	It's a tourist shirt from the Fern Islands.	No		Coconut									0	
Vintage Polo	It's faded from age and smells like old closet.	No		Hematite	25 friendship on george/evelyn talk								1	
Warm Flannel Shirt	A flannel shirt with a warm brown and rose color.	No		Wheat Flour									0	
White Dot Shirt	A dyeable shirt with white polka dots.	Yes		Poppyseed Muffin									0	
White Gi	A loose garment typically worn by martial artists.	No		Pale Broth	2 defense, 3 attack, 1.5x crit chance								1	
White Overalls	A nice clean variant of the classic farmer look.	No		Rice	Autopet all, loving rancher								1	
White Overalls Shirt	Classic overalls with a white shirt and belt.	No	Can be chosen at character creation	Milk	Autopet all, loving rancher								1	
Work Shirt	For long days in the fields.	No	Can be chosen at character creation	Stone									0	
Wumbus Shirt	A shirt featuring a strange green guy.	No		Strange Doll (green)	(Green rain: 6 speed and 5x crit chance)								1	
Yellow and Green Shirt	A yellow shirt with a green stripe.	No	Can be chosen at character creation	Omelet									0	
Yellow Suit	It's a bold statement to wear this suit.	No		Mango Sticky Rice	10% discount at most stores								1	
Yoba Shirt	A shirt featuring a prominent 'sign of the vessel'.	No		Pyramid Decal	Yoba ring, auto revive			Vigil Ascension					1	
Surveyer Shirt	Exclusive to Nature In The Valley	No			2 foraging, professional forager, 1 speed									
														
														117
Name	Description	Dyeable	Recipe (Cloth + )	At Start?	Tier	Effect		Set Bonus						
Farmer Pants	Comfortable and durable for long hours in the field.	Yes	Cranberries, Pineapple, Powdermelon, Strawberry, Wild Plum	Yes	1	1 farming, 1.15x farming xp		Prairie Friend					1	
Shorts	Perfect for a hot summer's day... your legs will thank you.	Yes	Blueberry, Grape, Hot, Pepper, Melon	Yes	1	1 foraging, 1.15x foraging xp							1	
Long Dress	A long, flowy dress.	Yes	Fairy Rose, Sunflower	Yes	1	1 mining, 1.15x mining xp							1	
Skirt	A cute skirt.	Yes	Blue Jazz Tulip	Yes	1	1 fishing, 1.15x fishing xp							1	
Pleated Skirt	A cute pleated skirt.	Yes	Poppy, Summer, Spangle	No	2	-1 defense, 1 speed		Why Go Alone?					1	
Dinosaur Pants	These pants were thought to have gone extinct a long time ago!	No	Dinosaur Mayonnaise	No	3	3 defense, 4 attack, -1 speed		Eonic Tribute					1	
Luau Skirt	A skirt destined to make you the 'luau' the party!	No	N/A	No	3	5% dodge chance		One With Nature					1	
Grass Skirt	A skirt made of dried grass.	No	Hay	No	2	Sapping(5)		Squawk Proud					1	
Genie Pants	Pants that balloon out near the bottom. Your wish has been answered!	Yes	Ancient Fruit, Starfruit	No	3	1 Luck		Salem's Fallout					1	
Baggy Pants	A loose pair of pants.	Yes	Slime Egg (any color)	No	3	2 combat, 1.2x combat xp		Ruler of Infinity					1	
Simple Dress	A soft, smooth, medium length dress.	Yes	Honey (any)	No	2	1 attack, 1.1x crit chance							1	
Relaxed Fit Pants	These pants have a little more room for the legs.	Yes	Apple, Apricot, Banana, Cherry, Mango, Pomegranate	No	2	2 defense, 1 attack		Running River					1	
Relaxed Fit Shorts	These shorts have a little more room for the legs.	Yes	Orange, Peach	No	2	2 attack, 1 defense							1	
Prismatic Pants	Pants that shimmer with prismatic energy.	No	Prismatic Shard	No	3	30 health, 3 rainbow glow		Prismatic					1	
Prismatic Genie Pants	Pants that shimmer with prismatic energy.	No	Prismatic Shard	No	3	30 energy, 3 rainbow glow		Truly Magic					1	
Tight Fit Pants	A very tight pair of pants	Yes	N/A	No	4	1 speed, 1 attack, 1 defense, 1.1x attack		Street Smarts					1	
Trimmed Lucky Purple Shorts	Ayo	No	Mayors shorts	No	3	1.17 Popularity, Lewis Disapproves		Clown Around					1	
														
Name	Effect						17							
Sneakers	1.4x weapon speed												1	
Rubber Boots	Slime charmer ring												1	
Leather Boots	1 still stamina regen												1	
Worker Boots	2 magnetism												1	
Combat Boots	Parry boost												1	
Tundra Boots	1 mining												1	
Thermal Boots	1.15x mining xp												1	
Firewalker boots	35 max energy												1	
Space boots	10% crit chance												1	
Cowboy Boots	1 farming, 1.15x farming xp												1	
Cinderclown shoes	1 luck, 5 magnetism												1	
Leprechaun Shoes	2 luck												1	
Dark Boots	1.35x attack boost												1	
DaragonScale Boots	5% crit chance, 20% crit damage												1	
Prismatic Genie Pants	40 max energy, 3 rainbow glow												1	
Mermaid Boots	2 fishing, 2 immunity												1	
Crystal Shoes	1 speed, 30 weapon speed												1	
Emily's Magic Boots	1.2 Popularity												1	
Genie Shoes	80% Knockback												1	
								17						
														
													252	
Effect List		Dependent (changing) factor		LessImpactfulClothes?	Value	Info			New?				360	
Speed		x amount		45% less added	0.3	Adds 0.75 in game speed per 1 x			Changes				0.7	
Attack		x amount		45% less added	2				No					
Attack Mult		x %		45% less added	10				Yes					
Crit Chance Mult		x % 		45% less added	20				Yes					
Crit Damage Mult		x % 		45% less added	30				Yes					
Defense		x amount		45% less added	1				No					
Immunity		x amount		45% less added	4				No					
Weapon Knockback		x % amount		45% less added	50				Yes					
Skill Level Increase		x amount		45% less added	2				No					
Depth Scaling Stats				45% less added	50	Gain 1 attack every 25 floors and 1 speed every 50			Yes					
Weapon Speed		x % amount		45% less added	30				Yes					
Magnetism		x amount		45% less added	3				Yes					
Fishing bar boost				45 % smaller bonus bar	3 Attack	Fishing bar size scales with # of fish caught			No					
Autorevive				Once per two days	10 Attack	Revive yourself once per day			Changes					
Autowater				No change (Lower speed and farming already nerfs this)	5 Attack	Water crops you walk over, costs 1-0.444 at lvl 10 farming energy per crop			Yes					
Construction discount		x decimal amount		45% lower discount	0.03	Gain a x*100% discount for buildings			No					
Dodge chance		x % chance		45% lower chance	20	Gain x% chance to dodge incoming damage			Yes					
Max health 		x amount		45% less bonus health	20	Increase max health by x			Changes					
Max stamina		x amount		45% less bonus stamina	30	Increase max stamina by x			Changes					
Fishing treasure chance				50% less bonus chest rate	2 Attack	Increase chance of getting fishing chest			Changes					
Popularity		x % amount		45% less bonus friendship	3 Attack	Usually 1.17, multiples friendship gained by 1+x/100.			Changes					
Fishing treasure kept				No change	3 Attack	Keep treasures found from fish you cant catch			No					
Lewis dissaproves				No change	0 Attack				No					
Skill experience Mult		x Decimal amount		45% less bonus xp	1.2	Get an extra x*100% xp for a given skill			No					
Parry boost				No change	2 Attack	Makes sword ability cooldown basically 0			Yes					
Pet animal on touch				No change		Pets animals in a 3 by 3 radius around you			Changes					
Slingshot power		x attack		45% less attack	10	Gain x attack while using slingshot			Yes					
Shop discount		decimal discount	Includes clint, willy, pierre, robin, construction, dwarf, krobus, marnie, jojamarket, adventure guild	45% lower discount	Depends, 0.1	Gain a x*100% discount for a given shop			No					
Rings		x ring	Includes yoba ring, sturdy ring, burglars ring, thorns ring, slime charmer ring	No change	Depends on ring				Yes					
Health regen (normal and still)		seconds to be still: 0 seconds for always, regen interval, x amount		45% less regen	1 - 1 - 2	Get x health every y seconds while standing still if z > 0			Changes					
Stamina regen (normal and still)		seconds to be still: 0 seconds for always, regen interval, x amount		45% less regen	1 - 1 - 4	Get x energy every y seconds while standing still if z > 0			Changes					
Vampirism		x health		45% less healed	3	Get x health on monster kill			Yes					
Soul sapping		x energy		45% less energized	8	Get x energy on monster kill			Yes					
Spikey		x base damage		45% less total damage	2	Upon being hit, damage enemies directly nearby with x + 1.3x (damage received + defense)			Yes					
Bombey		x damage		No change (Lowered attack already nerfs this)	5	After killing an enemy, create an explosion which size scales with your attack stat, dealing x damage			Yes					
Bait production		x steps		45% more steps	14	Generates bait every x steps, with every 10th bait being deluxe			Yes					
Fish pond commitment			 	45% less valuable aged roe	6 Attack	Converts roe into (1-2 based on fishing level)x sell price iridium quality aged roe on pickup			Yes					
Sapping		x % chance		45% lower change	5	Breaking trees and large stumps has an x chance to give the player a random tapped sap (Increased chance with sapper profession)			Yes					
Ores from rocks				every 7 rocks instead	6 Attack	Every 5 rocks broken gives the player an ore dependent on depth			Yes					
Professional Forager				45% less money	5 Attack	Sells foragables picked up for 2-4x sell price scaling with foraging level (not truffles)			Yes					
Recyler				45% less money	5 Attack	Recycles trash for money (scaling with fishing level) and deluxe bait			Yes					
Mercenary				45% less money	5 Attack	Sells monster loot picked up for 2.5x sell price scaling with combat level			Yes					
Loving Rancher				45% lower chance of gifts	6 Attack	Tending to animals (Ducks, Sheep, Goats, Chickens, Cows, Rabbits, Void chicks, dinos, Ostriches) causes them to give special presents from time to time (Look at table below) Also guarentees iridium quality animal produce if you meet the iridium quality criteria and hand collect the produce.			Yes					
Crafter				45% less discount		Gain robin discount scaling with items crafted (max 80%, though I think 67% is limit)			Yes					
BeeKeeper				15% lower chance of gifts	4 Attack	Bees sometimes pollinate the surrounding flora, when collecting honey you can get seeds or flowers (Depends on honey type, Some scaling with foraging and farming)			Yes					
Glowing		x radius		No change		Glows a unique color with radius x.			Changes					
On Npc Talk		x npc, y amount, z type		45% less (amount)		Once per day, talking to npc x gives y z (Friendship, stamina, health, or money)			Yes					
Nauseous				No change		Makes you unable to eat (Means other sources of nauseous dont do anything)			Yes					
Darkness				No change		Makes the world dark (Means other sources of darkness dont do anything)			Yes					
Mystery Boost				45% less bonus chance		Increased Chance of Getting Mystery Boxes (50% by default)			Yes					
Debuff Immunity				No change		Makes you immune to debuffs			Yes					
Oil of Garlic Effect				No change		Makes monsters not spawn			Yes					
Slimed				No change		Reduces speed (Means other sources of slimed dont do anything)			Yes		Example of ItemPickup:			
Monster Musk				No change		Makes more monsters spawn			Yes		{			
Tipsy				No change		Reduces speed and makes your inputs scrambled sometimes (Means other sources of tipsy dont do anything)			Yes		"Itemproduce": {			
Burnt				No change		Reduces attack, speed, and defense (Means other sources of burnt dont do anything)			Yes		"Steps": 10,			
Farm Events Chance		x event, y chance		45% Lowered chance		Gives an additional chance for or against a certain farm event occuring (Fairy, Witch, UFO, Meteorite, Owl)			Yes		"displayName": "bombs",			
Trinket Effects		x trinket		No change		Applies a given trinket effect			Yes		"qId": "(O)441"			
Fear				No change		Reduces attack (Means other sources of fear dont do anything)			Yes		}			
Item Pickup		x steps, y display name, z item				Pickup item z every x steps			Yes		},			
Conditions:				Conditions do not change										
Weather						Condition of an effect during a certain weather			Yes					
Location						Condition of an effect while in a certain location			Changes					
Season						Condition of an effect during a certain season			Changes					
Health   						Condition of an effect while at a certain health			Yes					
Time						Condition of an effect between two times			Yes					
Item Held						Condition of an effect while holding a given item			Yes					
MeleePower						Condition of an effect while holding a type of melee weapon			Yes					
									45					
									12					
Set Bonus Info	To Get the bonus for a set you first need one item from the set in every clothing type that has an item with the set (Eg: You need only the shirt and hat for jolly, but you need shirt hat and pants for prairie friend								10					
Set bonuses are custom!!! You can absolutely add your own set bonuses using the same three json files as those used to add regular effects. They also allow for you to chose the icon to represent the set bonus.									67					
Name:	Hat	Shirt 	Pants	Effect				Notes						
Diggy Diggy	Wearable Dwarf Helm	Jewelry Shirt	N/A	Ores from rocks, 4 mining, 3 defense									1	
Eonic Tribute	Dinosaur Hat	Shirt (1144)	Dinosaur Pants	3 speed, 2.2x attack multiplier									1	
Ruler of Infinity	Infinity Crown	Iridium Breastplate	Baggy Pants	Mercenery (When underground using any infinity Weapon: 4 speed)									1	
Miderian Finale	Golden Mask	Relic Shirt	N/A	10 attack, - 40 health, (Underground: 5 speed) 									1	
Spook	Skeleton Mask	Skeleton OR Skull shirt	N/A	1 speed, (1 depth scaling stats OR mercenery - whichever the shirt dosnt have), (Fall: popularity)									1	
Truly Magic	Emily's Magic Turban	Emily's Magic Hat	Prismatic Genie Pants	2 speed, 2 luck, Magic Hair Dye									1	
Eclipse	Star Helmet	Goodnight shirt	N/A	10 yellow glow, 3 speed, debuff immunity									1	
Hidden Treasure	Garbage Hat	Trash Can Shirt	N/A	Recyler, Recyler, FishingChest+									1	
Street Smarts	Dark Ballcap	Navy Tuxedo	Tight Pants	2 speed, 15 vampirism, 15 soul sapping									1	
Decorated Past	Gil's Hat	Red Tuxedo	N/A	2 speed, 12 defense									1	
Vigil Ascension	LaurelWreathCrown	Regal Mantle	N/A	3 speed, 3 luck, (On Pierre talk: 1000g)									1	
No Will To Break	Dark Velvet Bow	Darkness Suit	N/A	Autorevive, 2 speed, 2 depth scaling									1	
Jolly	Santa Hat	Holiday Shirt	N/A	(Winter: 1 speed, 1.34 popularity)									1	
Running River	Fishing Hat	Fishing Vest	Relaxed Fit Pants	3 speed, 3 fishing									1	
Siren	Tricorn Hat	Shirt O' The Sea	N/A	(On Elliott talk: 40 friendship) (Ocean: 4 fishing, 1.5x fishing)									1	
Michelin Star	Chef hat	Chef coat	N/A	1 speed, 5 defense, 1.34 popularity, (While using penny's fryer: 25 attack)									1	
Season of Luck	Leprechaun Hat	Green Belted Shirt	N/A	(Spring: 3 luck, 1.17 popularity)									1	
Prairie Friend	Cowboy Hat	Cowboy Poncho	Farmer Pants	Loving Rancher, 3 farming									1	
Salem's Fallout	Arcane Hat	Arcane Shirt	Genie Pants	Magic Quiver, Ice Rod, 2 speed, 20 magnetism									1	
Why Go Alone?	Gnomes hat	Green Tunic OR Lime Green Tunic	Pleated Skirt	Frog, Fairy, Parrot, 1 speed									1	
Clown Around	Jester Hat	Jester Shirt	Trimmed Lucky Purple Shorts	1.17 Popularity, Lewis kills you on talk									1	
Wild	Tiger Hat	Slime Shirt	N/A	1 speed, fish pond commitment, ores from rocks									1	
One WIth Nature	Living Hat	Leafy Shirt	Luau Skirt	Professional Forager, 2 speed, Beekeeper, 10 sapping									1	
Prismatic	Magic Cowboy Hat	Prismatic Shirt (DarkSleeve)	Prismatic Pants	Burglar ring, protective ring, still stamina regen and still health regen										
Top Top Hat	Mystery Hat	Mystery Shirt	N/A	35% bookseller discount, Mystery Boost										
Slayyyy	Cowgal Hat	Hot Pink Shirt	N/A	4 speed, 1.5x popularity and Tipsy Effect										
Squawk Proud	Chicken Mask	Fluffy Shirt	Grass Skirt	Loving rancher, 3 farming, (On Shane talk: 70 friendship)									1	
													24	
														
														
														
														
														
														
														
														
														
Loving Rancher Loot Table														
Animal	Items	Items within the same |(item),(item),| usually have the same chance, except for chicken ostrich egg												
Cow	Large Milk,| Cheese, Cheese Cauliflower,| Ancient Fruit, Starfruit,| Golden Animal Cracker, Sweet Gem Berry,| Diamond, Prismatic Shard													
Goat	Large Goat Milk,| Goat Cheese,| Hay, Grass Starter,| Blue Grass Starter, Golden Animal Cracker,| Diamond, Prismatic Shard													
Sheep	Wool,| Cloth,| Cloth,| Blue Grass Starter, Golden Animal Cracker,| Diamond, Prismatic Shard													
Chickens	Large W Egg,| Fried Egg, Large B Egg,| Void Egg, Omelet,| Mayo,| Ostrich Egg, Prismatic Shard													
Void Chicken	Void Egg,| Void Mayo, Void Essence,| Void Mayo, Void Salmon,| Void Mayo, Fire Opal,| Iridium Bar, Prismatic Shard													
Duck	Duck Egg,| Duck feather,| Duck Mayo,| Golden Pumpkin, Stardrop Tea,| Ostrich Egg, prismatic Shard													
Dinosaur	Dino Mayo,| Dino Mayo,| Dino Mayo,| Dino Mayo,| Dino Mayo, Prismatic Shard													
Rabbit	Wool,| Wool,| Cloth,| Rabbits Foot,| Diamond, Prismatic Shard													
Ostrich	Ostrich Egg,| Mayo, Stardrop Tea,| Mayo, prismatic Shard,| Golden Animal Cracker,| Golden Animal Cracker, Stardrop Tea													
The chances are in decreasing order, where you get one item in each tier depending on chance, this chance increases 														
with farming level, rancher profession, and depending on animal either coopmaster or shepherd profession as well (both for ostriches)														
Chances in the same tier between animals do not neccesarily have the same %, for example dinos have higher chances than chickens														